plot,x_quantity,y_quantity,dataset,point_type,x,y,y_err_lower,y_err_upper,n,redshift,M_UV,group,bin_range,binning_method
beta_vs_stellar_age,mass-weighted stellar age [Myr],UV beta slope,Napolitano 2026,binned,6.604258826424497,-2.309981295,0.06555436354636084,0.06555436354636084,2.0,6.736246400000001,-19.439793447193097,,"(6.75, 7.0]",
beta_vs_stellar_age,mass-weighted stellar age [Myr],UV beta slope,Napolitano 2026,binned,14.607459038138593,-2.333486176,0.2980382177453565,0.2980382177453565,5.0,6.54298381,-19.681833773922985,,"(7.0, 7.25]",
beta_vs_stellar_age,mass-weighted stellar age [Myr],UV beta slope,Napolitano 2026,binned,23.459778292783618,-2.0972654766666667,0.3333588962128921,0.3333588962128921,6.0,6.330773665000001,-19.43061433237227,,"(7.25, 7.5]",
beta_vs_stellar_age,mass-weighted stellar age [Myr],UV beta slope,Napolitano 2026,binned,43.74432172643146,-2.25001573,0.19626034776327106,0.19626034776327106,8.0,6.106182435,-19.67275471829986,,"(7.5, 7.75]",
beta_vs_stellar_age,mass-weighted stellar age [Myr],UV beta slope,Napolitano 2026,binned,70.63226881830288,-2.28483816125,0.3019390427872041,0.3019390427872041,8.0,6.4375692099999995,-19.84493840496474,,"(7.75, 8.0]",
beta_vs_stellar_age,mass-weighted stellar age [Myr],UV beta slope,Napolitano 2026,binned,139.67379079303052,-2.2004732716666666,0.3394992383012175,0.3394992383012175,36.0,6.037118039999999,-19.307845287432166,,"(8.0, 8.25]",
beta_vs_stellar_age,mass-weighted stellar age [Myr],UV beta slope,Napolitano 2026,binned,239.4655458793638,-2.287003675686275,0.3329598974913558,0.3329598974913558,51.0,5.77933935,-19.32029164624688,,"(8.25, 8.5]",
beta_vs_stellar_age,mass-weighted stellar age [Myr],UV beta slope,Napolitano 2026,binned,390.33546782758356,-2.066084833,0.3079666357236452,0.3079666357236452,10.0,5.781351880000001,-19.452325502641248,,"(8.5, 8.75]",
beta_vs_stellar_age,mass-weighted stellar age [Myr],UV beta slope,Morales 2024,binned,1.6032453906900417,-2.58,0.08485281374238578,0.08485281374238578,2.0,8.815000000000001,-18.345,,"(6.0, 6.25]",
beta_vs_stellar_age,mass-weighted stellar age [Myr],UV beta slope,Morales 2024,binned,4.265795188015925,-2.69,,,1.0,10.66,-18.21,,"(6.5, 6.75]",
beta_vs_stellar_age,mass-weighted stellar age [Myr],UV beta slope,Morales 2024,binned,9.772372209558092,-2.686666666666667,0.028867513459481506,0.028867513459481506,3.0,9.82,-18.03,,"(6.75, 7.0]",
beta_vs_stellar_age,mass-weighted stellar age [Myr],UV beta slope,Morales 2024,binned,13.386488420699912,-2.5533333333333332,0.09291573243177571,0.09291573243177571,3.0,9.43,-17.82,,"(7.0, 7.25]",
beta_vs_stellar_age,mass-weighted stellar age [Myr],UV beta slope,Morales 2024,binned,23.988329190194897,-2.56,0.08000000000000007,0.08000000000000007,3.0,9.16,-18.24,,"(7.25, 7.5]",
beta_vs_stellar_age,mass-weighted stellar age [Myr],UV beta slope,Morales 2024,binned,39.81071705534969,-2.48,0.028284271247461926,0.028284271247461926,2.0,10.045,-18.345,,"(7.5, 7.75]",
beta_vs_stellar_age,mass-weighted stellar age [Myr],UV beta slope,Morales 2024,binned,78.91196485223983,-2.3592857142857144,0.13969550874969155,0.13969550874969155,14.0,9.45,-18.12,,"(7.75, 8.0]",
beta_vs_stellar_age,mass-weighted stellar age [Myr],UV beta slope,Morales 2024,binned,124.45146117713868,-2.0933333333333333,0.4234934080557414,0.4234934080557414,6.0,8.845,-17.47,,"(8.0, 8.25]",
