mass,beta,beta_std,redshift,n,dataset
6.865,-2.6050000000000004,0.16263455967290577,9.765,2,Morales 2024
7.255,-2.574,0.13099618315050265,9.445,10,Morales 2024
7.723999999999999,-2.414,0.13226236552146398,9.145,10,Morales 2024
8.157777777777778,-2.292222222222222,0.27958799052256234,9.13,9,Morales 2024
8.826666666666666,-2.026666666666667,0.4785742714912006,9.22,3,Morales 2024
7.4373133975,-2.3760148350000003,0.4148152230491581,6.351731895,4,Napolitano 2026
7.805981672894736,-2.277557792894737,0.28562328763118,5.809408885,38,Napolitano 2026
8.240410978833333,-2.2719009901666665,0.3241275400276572,5.9381056,60,Napolitano 2026
8.711149752777779,-2.0913662155555555,0.2872869348049113,6.109525445,18,Napolitano 2026
9.11172214,-1.9424973783333332,0.36448396296869995,5.960566785,6,Napolitano 2026
