dataset,redshift,MUV_group,M_UV,beta,uncertainty,uncertainty_type,n
Cullen 2024,8.945,Bright (M_UV <= -19),-19.689999999999998,-2.59,0.04242640687119305,beta_std,2
Cullen 2024,9.57875,Bright (M_UV <= -19),-19.375,-2.161875,0.4593505378974392,beta_std,16
Cullen 2024,9.49470588235294,Medium (-19 < M_UV <= -17.5),-18.26,-2.2323529411764707,0.47408503208502456,beta_std,17
Cullen 2024,9.2,Faint (-17.5 < M_UV <= -16),-17.215,-1.725,0.8273149339882608,beta_std,2
Cullen 2024,10.450303030303031,Bright (M_UV <= -19),-19.73,-2.4087878787878787,0.5441493221979469,beta_std,33
Cullen 2024,10.43375,Medium (-19 < M_UV <= -17.5),-18.439999999999998,-2.9274999999999998,0.912981771058828,beta_std,8
Cullen 2024,11.532,Bright (M_UV <= -19),-19.5,-2.6670000000000003,0.5692571336492203,beta_std,20
Cullen 2024,11.525,Medium (-19 < M_UV <= -17.5),-18.705,-2.8016666666666663,0.27712266182499345,beta_std,12
Morales 2024,8.56,Bright (M_UV <= -19),-19.01,-2.67,,beta_std,1
Morales 2024,8.5,Medium (-19 < M_UV <= -17.5),-17.955,-2.5475,0.15370426148939403,beta_std,4
Morales 2024,8.620000000000001,Faint (-17.5 < M_UV <= -16),-17.36,-2.256,0.2867577374718946,beta_std,5
Morales 2024,9.333333333333334,Bright (M_UV <= -19),-20.14,-2.3733333333333335,0.14502873278538067,beta_std,3
Morales 2024,9.31,Medium (-19 < M_UV <= -17.5),-18.03,-2.3311111111111114,0.38446210620958615,beta_std,9
Morales 2024,9.678,Faint (-17.5 < M_UV <= -16),-17.37,-2.554,0.11907980517283372,beta_std,5
Morales 2024,10.57,Bright (M_UV <= -19),-19.32,-2.5,,beta_std,1
Morales 2024,10.675,Medium (-19 < M_UV <= -17.5),-18.375,-2.42,0.2302172886644266,beta_std,4
Morales 2024,10.27,Faint (-17.5 < M_UV <= -16),-16.85,-2.17,,beta_std,1
Morales 2024,11.38,Medium (-19 < M_UV <= -17.5),-18.18,-2.44,,beta_std,1
Napolitano 2026,6.401507125625,Bright (M_UV <= -19),-19.73202997851977,-2.2541765903125,0.25779351340413037,beta_std,32
Napolitano 2026,6.307062559999999,Medium (-19 < M_UV <= -17.5),-18.89528972525268,-2.068081266666667,0.37370964212627,beta_std,6
Napolitano 2026,7.359239496,Bright (M_UV <= -19),-19.32029164624688,-2.1472794213333333,0.3958683166452841,beta_std,15
Napolitano 2026,7.408747470000001,Medium (-19 < M_UV <= -17.5),-18.80030984840182,-2.50470631,0.16615998773675666,beta_std,3
Napolitano 2026,8.355129512,Bright (M_UV <= -19),-19.59671786683225,-2.34529919,0.19037942660062063,beta_std,5
Whitler 2025,8.8149,Bright (M_UV <= -19),-19.0,-1.8050000000000002,0.48933359625214023,beta_std,20
Whitler 2025,8.852176470588235,Medium (-19 < M_UV <= -17.5),-18.0,-1.6352941176470588,0.5787283219164544,beta_std,17
Whitler 2025,8.883333333333335,Faint (-17.5 < M_UV <= -16),-17.0,-1.0,1.571623364550171,beta_std,3
Whitler 2025,9.553983606557377,Bright (M_UV <= -19),-19.0,-2.126229508196721,0.36873732264954423,beta_std,61
Whitler 2025,9.473676470588236,Medium (-19 < M_UV <= -17.5),-18.0,-2.236764705882353,0.5294053018823162,beta_std,68
Whitler 2025,9.477619047619047,Faint (-17.5 < M_UV <= -16),-17.0,-1.9857142857142858,0.7418124522315018,beta_std,21
Whitler 2025,10.470272727272727,Bright (M_UV <= -19),-19.0,-2.338181818181818,0.4174396869679406,beta_std,55
Whitler 2025,10.472105263157895,Medium (-19 < M_UV <= -17.5),-18.0,-2.344736842105263,0.5134395769187596,beta_std,38
Whitler 2025,10.46,Faint (-17.5 < M_UV <= -16),-17.0,-2.4545454545454546,0.34745830358083646,beta_std,11
Whitler 2025,11.441764705882353,Bright (M_UV <= -19),-19.0,-2.2941176470588234,0.6148887991288486,beta_std,17
Whitler 2025,11.626666666666665,Medium (-19 < M_UV <= -17.5),-18.0,-1.3666666666666665,0.5507570547286101,beta_std,3
Topping 2024,7.4400719424460435,Bright (M_UV <= -19),-19.529280575539566,-2.21568345323741,0.03639868318314558,beta_err,139
Topping 2024,7.290997375328084,Medium (-19 < M_UV <= -17.5),-18.17556430446194,-2.3532020997375325,0.028644491363231002,beta_err,381
Topping 2024,7.2,Faint (-17.5 < M_UV <= -16),-17.4,-2.41,0.1,beta_err,136
Topping 2024,9.31,Bright (M_UV <= -19),-19.99,-2.28,0.065,beta_err,37
Topping 2024,9.29,Medium (-19 < M_UV <= -17.5),-18.36,-2.378,0.054037024344425186,beta_err,195
Topping 2024,12.020000000000001,Medium (-19 < M_UV <= -17.5),-18.61,-2.48,0.13,beta_err,24
Topping 2024,5.961452991452991,Bright (M_UV <= -19),-19.772735042735043,-2.1685470085470087,0.03608581524368607,beta_err,117
Topping 2024,5.7675935828877005,Medium (-19 < M_UV <= -17.5),-18.212673796791442,-2.3419251336898395,0.04372687085478195,beta_err,187
Topping 2024,5.85,Faint (-17.5 < M_UV <= -16),-17.19,-2.38,0.125,beta_err,43
Bouwens 2014,5.0,Bright (M_UV <= -19),-20.124745417515275,-1.839205702647658,0.06731345456272879,beta_err,491
Bouwens 2014,5.0,Medium (-19 < M_UV <= -17.5),-18.25,-2.088507462686567,0.08107459389355934,beta_err,134
Bouwens 2014,5.0,Faint (-17.5 < M_UV <= -16),-16.907894736842106,-2.1952631578947366,0.105433925809502,beta_err,57
Bouwens 2014,6.0,Bright (M_UV <= -19),-20.246503496503497,-1.9055944055944056,0.09819339779900685,beta_err,143
Bouwens 2014,6.0,Medium (-19 < M_UV <= -17.5),-18.25,-2.2755555555555556,0.17812438433941685,beta_err,45
Bouwens 2014,6.0,Faint (-17.5 < M_UV <= -16),-17.0,-2.22,0.18788294228055938,beta_err,25
Bouwens 2014,7.0,Bright (M_UV <= -19),-20.275000000000002,-1.8574999999999997,0.1478385944197252,beta_err,88
Bouwens 2014,7.0,Medium (-19 < M_UV <= -17.5),-18.65,-2.33,0.20615528128088303,beta_err,40
Bouwens 2014,7.0,Faint (-17.5 < M_UV <= -16),-17.35,-2.37,0.3178049716414141,beta_err,28
Bouwens 2014,8.0,Bright (M_UV <= -19),-19.95,-2.3,0.27018512172212594,beta_err,2
Bouwens 2014,8.0,Medium (-19 < M_UV <= -17.5),-18.65,-1.41,0.6579513659838393,beta_err,4
Bouwens 2014,8.5,Medium (-19 < M_UV <= -17.5),-18.5,-2.06,0.5770615218501404,beta_err,2
