dataset,z_group,redshift,M_UV,beta,uncertainty,uncertainty_type,n
Cullen 2024,z9,9.12,-20.24,-2.48,,beta_std,1
Cullen 2024,z9,9.191666666666668,-19.468333333333334,-2.45,0.14212670403551897,beta_std,6
Cullen 2024,z9,9.183333333333334,-18.44,-2.3066666666666666,0.576223336331785,beta_std,3
Cullen 2024,z9,9.258571428571429,-17.665714285714284,-2.062857142857143,0.5550890104513054,beta_std,7
Cullen 2024,z10-11,11.9,-21.46,-2.8,,beta_std,1
Cullen 2024,z10-11,10.565714285714288,-20.31357142857143,-2.3457142857142856,0.5153746103670503,beta_std,14
Cullen 2024,z10-11,10.664489795918366,-19.462448979591837,-2.4444897959183676,0.6009231135805763,beta_std,49
Cullen 2024,z10-11,10.62857142857143,-18.52785714285714,-2.6703571428571427,0.6418115688791298,beta_std,28
Cullen 2024,z10-11,11.62,-17.5,-2.31,,beta_std,1
Morales 2024,z8,8.17,-17.33,-2.545,0.13435028842544383,beta_std,2
Morales 2024,z9,9.27,-20.235,-2.3,0.09899494936611658,beta_std,2
Morales 2024,z9,9.010000000000002,-19.035,-2.5949999999999998,0.10606601717798222,beta_std,2
Morales 2024,z9,8.895999999999999,-18.272,-2.584,0.0801872807869179,beta_std,5
Morales 2024,z9,8.9875,-17.6075,-2.1525,0.3715508040631859,beta_std,8
Morales 2024,z9,8.53,-16.21,-2.28,,beta_std,1
Morales 2024,z10-11,10.57,-19.32,-2.5,,beta_std,1
Morales 2024,z10-11,10.531428571428572,-18.3,-2.437142857142857,0.20097381966434374,beta_std,7
Morales 2024,z10-11,9.678,-17.272,-2.554,0.11907980517283372,beta_std,5
Morales 2024,z10-11,10.27,-16.85,-2.17,,beta_std,1
Napolitano 2026,z6,6.043620462222222,-20.125460722488704,-2.0651332255555555,0.19201568463980043,beta_std,9
Napolitano 2026,z6,5.927326993823529,-19.53397317432408,-2.2203181094117648,0.23721349816422208,beta_std,34
Napolitano 2026,z6,5.83389367368421,-18.8831258553993,-2.264532896842105,0.33627354755052935,beta_std,19
Napolitano 2026,z7,7.18897509,-20.112205618319248,-2.6041407899999998,0.3743381438880137,beta_std,2
Napolitano 2026,z7,6.952263213043478,-19.508841100214475,-2.148382934782609,0.3333151157670435,beta_std,23
Napolitano 2026,z7,6.8860927175,-18.85061125878184,-2.236007615,0.2464171920399769,beta_std,4
Napolitano 2026,z8,8.23111725,-20.20554217844229,-2.629337,,beta_std,1
Napolitano 2026,z8,8.039005086666666,-19.371117888662695,-2.2519842000000003,0.3228825727377062,beta_std,6
Napolitano 2026,z8,7.94765175,-18.92316243559072,-2.69616837,,beta_std,1
Napolitano 2026,z9,8.54253236,-19.59671786683225,-2.12148242,,beta_std,1
Whitler 2025,z8,8.367,-18.0,-1.3,,beta_std,1
Whitler 2025,z9,8.787666666666667,-21.0,-1.6666666666666667,0.15275252316519475,beta_std,3
Whitler 2025,z9,9.110888888888889,-20.0,-2.1444444444444444,0.1589898669028243,beta_std,9
Whitler 2025,z9,9.019612903225807,-19.0,-1.9451612903225806,0.4696372427575844,beta_std,31
Whitler 2025,z9,9.142037037037037,-18.0,-2.075925925925926,0.5186830875909683,beta_std,54
Whitler 2025,z9,9.157333333333334,-17.0,-1.8,1.000714030794298,beta_std,15
Whitler 2025,z10-11,10.603,-22.0,-2.4,,beta_std,1
Whitler 2025,z10-11,10.52,-21.0,-2.45,0.21213203435596428,beta_std,2
Whitler 2025,z10-11,10.4545,-20.0,-2.2961538461538464,0.43770379868652676,beta_std,26
Whitler 2025,z10-11,10.346135802469137,-19.0,-2.2444444444444445,0.4698403984333404,beta_std,81
Whitler 2025,z10-11,10.218028169014085,-18.0,-2.249295774647887,0.6189560887809685,beta_std,71
Whitler 2025,z10-11,10.169,-17.0,-2.2350000000000003,0.5940715888102872,beta_std,20
Topping 2024,z6,6.01,-20.24,-2.12,0.06,beta_err,46
Topping 2024,z6,5.93,-19.47,-2.2,0.045,beta_err,71
Topping 2024,z6,5.82,-18.59,-2.3,0.05,beta_err,89
Topping 2024,z6,5.759645390070921,-17.66262411347518,-2.38,0.06180810374088385,beta_err,141
Topping 2024,z7,7.4400719424460435,-19.529280575539566,-2.21568345323741,0.03639868318314558,beta_err,139
Topping 2024,z7,7.32,-18.57,-2.33,0.04,beta_err,160
Topping 2024,z7,7.243333333333333,-17.703333333333333,-2.3852380952380954,0.045435658826196434,beta_err,357
Topping 2024,z9,9.31,-19.99,-2.28,0.065,beta_err,37
Topping 2024,z9,9.26,-18.93,-2.33,0.08499999999999999,beta_err,78
Topping 2024,z9,9.31,-17.98,-2.41,0.07,beta_err,117
Topping 2024,z10-11,12.020000000000001,-18.61,-2.48,0.13,beta_err,24
Bouwens 2014,z6,6.0,-21.4375,-1.6,0.1195434021600523,beta_err,16
Bouwens 2014,z6,6.0,-20.405844155844157,-1.8294805194805195,0.10199825052488214,beta_err,77
Bouwens 2014,z6,6.0,-19.62,-2.1206,0.15038204680080663,beta_err,50
Bouwens 2014,z6,6.0,-18.553571428571427,-2.236428571428571,0.1632924164353817,beta_err,28
Bouwens 2014,z6,6.0,-17.303571428571427,-2.2685714285714287,0.19159581654122768,beta_err,42
Bouwens 2014,z7,7.0,-21.25,-1.76,0.15264337522473748,beta_err,22
Bouwens 2014,z7,7.0,-19.95,-1.89,0.15811388300841897,beta_err,66
Bouwens 2014,z7,7.0,-18.65,-2.33,0.20615528128088303,beta_err,40
Bouwens 2014,z7,7.0,-17.35,-2.37,0.3178049716414141,beta_err,28
Bouwens 2014,z8,8.0,-19.95,-2.3,0.27018512172212594,beta_err,2
Bouwens 2014,z8,8.0,-18.65,-1.41,0.6579513659838393,beta_err,4
Bouwens 2014,z9,8.5,-18.5,-2.06,0.5770615218501404,beta_err,2
