dataset,redshift,M_UV,beta,uncertainty,uncertainty_type,n
Cullen 2024,8.945,-19.689999999999998,-2.59,0.04242640687119305,beta_std,2
Cullen 2024,9.516285714285715,-18.93,-2.171142857142857,0.4822970248384984,beta_std,35
Cullen 2024,10.447073170731707,-19.62,-2.51,0.6527327171208748,beta_std,41
Cullen 2024,11.529375,-19.09,-2.7175000000000002,0.4798454052121639,beta_std,32
Morales 2024,8.565999999999999,-17.535,-2.414,0.2710965387704781,beta_std,10
Morales 2024,9.42235294117647,-17.9,-2.4041176470588232,0.3004592073711799,beta_std,17
Morales 2024,10.59,-18.375,-2.3916666666666666,0.2112265766106782,beta_std,6
Morales 2024,11.38,-18.18,-2.44,,beta_std,1
Napolitano 2026,6.386594825789474,-19.630493351706534,-2.2247931181578946,0.28157169417664485,beta_std,38
Napolitano 2026,7.367490825,-19.293910488207608,-2.2068505694444442,0.38870579927529536,beta_std,18
Napolitano 2026,8.355129512,-19.59671786683225,-2.34529919,0.19037942660062063,beta_std,5
Whitler 2025,8.835875,-18.5,-1.6725,0.6520136462312693,beta_std,40
Whitler 2025,9.506886666666666,-18.0,-2.1566666666666667,0.5119270956204849,beta_std,150
Whitler 2025,10.469855769230769,-19.0,-2.3528846153846152,0.44611738861112554,beta_std,104
Whitler 2025,11.4695,-19.0,-2.1550000000000002,0.6824684299619557,beta_std,20
Topping 2024,7.303719512195122,-18.301615853658536,-2.3358384146341464,0.027677793288118577,beta_err,656
Topping 2024,9.293189655172414,-18.619956896551724,-2.362370689655173,0.046587036614589815,beta_err,232
Topping 2024,12.020000000000001,-18.61,-2.48,0.13,beta_err,24
Topping 2024,5.843170028818443,-18.611959654178676,-2.288184438040346,0.030712721584027266,beta_err,347
Bouwens 2014,5.0,-19.487536656891496,-1.9179472140762464,0.0651911253695246,beta_err,682
Bouwens 2014,6.0,-19.443661971830984,-2.020657276995305,0.09690127197282669,beta_err,213
Bouwens 2014,7.0,-19.333333333333332,-2.0706410256410255,0.1512269021599121,beta_err,156
Bouwens 2014,8.0,-19.083333333333332,-1.7066666666666663,0.48260865213038934,beta_err,6
Bouwens 2014,8.5,-18.5,-2.06,0.5770615218501404,beta_err,2
